{"stats":{"minecraft:picked_up":{"minecraft:cobweb":7,"minecraft:diamond":1,"minecraft:torch":3,"minecraft:bucket":1,"minecraft:book":3},"minecraft:used":{"minecraft:torch":1},"minecraft:mined":{"minecraft:wall_torch":2},"minecraft:custom":{"minecraft:jump":234,"minecraft:open_chest":5,"minecraft:time_since_rest":3905,"minecraft:deaths":1,"minecraft:crouch_one_cm":1037,"minecraft:play_one_minute":10364,"minecraft:leave_game":2,"minecraft:sprint_one_cm":47979,"minecraft:damage_taken":491,"minecraft:time_since_death":3847,"minecraft:walk_one_cm":8158,"minecraft:sneak_time":299,"minecraft:fall_one_cm":3675,"minecraft:fly_one_cm":59271}},"DataVersion":2586}